{
  "name": "siyuan-ziyunote",
  "author": "zhuangziyu",
  "url": "https://github.com/zhuangziyu/siyuan-ziyunote",
  "version": "1.3.2",
  "minAppVersion": "2.9.0",
  "backends": [
    "windows",
    "linux",
    "darwin"
  ],
  "frontends": [
    "desktop"
  ],
  "displayName": {
    "default": "子魚笔记插件",
    "zh_CN": "子魚笔记插件"
  },
  "description": {
    "default": "Video note for Siyuan",
    "zh_CN": "思源笔记看视频做笔记插件"
  },
  "readme": {
    "default": "README_zh_CN.md",
    "zh_CN": "README_zh_CN.md"
  },
  "funding": {
    "openCollective": "",
    "patreon": "",
    "github": "",
    "custom": [
      "http://works.littlefly.fun/"
    ]
  }
}